model,mae,rmse,r2,n_test
multimodal_fusion,1.2944070136363246,1.9763096773150164,0.7861448222131923,6409
