model,MAE,RMSE,R2
RandomForestRegressor,0.2862173256038027,0.619288234140622,0.7692931325281348
